code,name,score,net_income_positive,roa_increasing,roa_current,roa_previous,debt_ratio_decreasing,debt_ratio_current,debt_ratio_previous,shares_not_increasing,shares_current,shares_previous,operating_margin_increasing,operating_margin_current,operating_margin_previous,asset_turnover_increasing,asset_turnover_current,asset_turnover_previous,lite_score,additional_score
233990,질경이,6,True,True,9.76,-3.85,True,64.63,71.79,True,14765.0,14765.0,True,11.0,-1.35,True,1.22,0.95,6,0
333620,엔시스,6,True,True,10.18,2.28,True,35.03,40.27,True,10556.0,10556.0,True,16.69,3.71,True,0.64,0.53,6,0
204320,HL만도,6,True,True,2.42,2.24,True,61.99,62.1,True,46957.0,46957.0,True,4.11,4.06,True,1.32,1.25,6,0
207940,삼성바이오로직스,6,True,True,8.64,6.25,True,35.54,37.1,True,71174.0,71174.0,True,36.89,29.03,True,0.3,0.26,6,0
286940,롯데이노베이트,6,True,True,1.77,0.76,True,51.65,52.68,True,15129.0,15396.0,True,2.85,2.18,True,1.3,1.24,6,0
153490,우리이앤엘,6,True,True,4.56,4.48,True,25.46,32.17,True,51480.0,51480.0,True,4.7,3.52,True,1.22,1.18,6,0
322310,오로스테크놀로지,6,True,True,7.37,6.25,True,22.11,27.75,True,9367.0,9367.0,True,10.45,9.93,True,0.71,0.65,6,0
329180,HD현대중공업,6,True,True,6.34,3.21,True,67.74,70.58,True,88773.0,88773.0,True,12.1,4.87,True,0.78,0.75,6,0
171120,라이온켐텍,6,True,True,5.76,4.15,True,14.0,24.39,True,35902.0,35902.0,True,6.63,5.96,True,0.93,0.76,6,0
192820,코스맥스,6,True,True,5.02,4.57,True,72.65,73.69,True,11350.0,11350.0,True,9.2,8.1,True,1.14,1.12,6,0
251970,펌텍코리아,6,True,True,10.83,9.4,True,21.09,21.32,True,12400.0,12400.0,True,16.14,14.34,True,0.87,0.83,6,0
237820,플레이디,6,True,True,3.19,2.14,True,36.38,40.0,True,12827.0,12827.0,True,10.36,6.7,True,0.29,0.28,6,0
178920,PI첨단소재,6,True,True,4.44,-0.35,True,35.94,39.2,True,29366.0,29366.0,True,13.89,-1.79,True,0.48,0.42,6,0
101680,한국정밀기계,6,True,True,2.07,-8.83,True,42.34,53.91,True,8404.0,8404.0,True,3.3,-16.02,True,0.88,0.49,6,0
251270,넷마블,6,True,True,4.14,0.04,True,30.65,33.06,True,85954.0,85954.0,True,11.87,8.09,True,0.34,0.33,6,0
217190,제너셈,6,True,True,7.06,4.63,True,42.25,45.5,True,8769.0,8769.0,True,9.46,6.37,True,0.8,0.73,6,0
252500,세화피앤씨,6,True,True,7.25,6.47,True,9.23,9.24,True,41486.0,41486.0,True,6.15,4.85,True,0.96,0.95,6,0
117580,대성에너지,6,True,True,2.17,1.86,True,58.75,60.21,True,27500.0,27500.0,True,2.06,2.04,True,1.25,1.24,6,0
263810,상신전자,6,True,True,2.78,2.47,True,45.94,51.18,True,14245.0,14245.0,True,1.68,1.37,True,1.45,1.23,6,0
226320,잇츠한불,6,True,True,5.76,3.49,True,5.54,6.4,True,21929.0,21929.0,True,12.57,8.27,True,0.28,0.27,6,0
376290,씨유테크,6,True,True,9.69,0.62,True,16.38,30.35,True,17658.0,17658.0,True,4.05,1.27,True,2.02,1.2,6,0
230240,에치에프알,6,True,True,7.54,-6.82,True,36.7,41.42,True,13309.0,13489.0,True,8.75,-12.86,True,0.66,0.58,6,0
119830,아이텍,6,True,True,8.71,-4.76,True,26.66,33.18,True,21434.0,21434.0,True,-7.9,-13.98,True,0.27,0.24,6,0
318160,셀바이오휴먼텍,6,True,True,8.32,-3.57,True,12.29,16.17,True,9261.0,9261.0,True,14.08,11.36,True,0.54,0.51,6,0
256630,포인트엔지니어링,6,True,True,1.43,-6.63,True,26.05,27.65,True,57997.0,57997.0,True,-4.19,-34.35,True,0.32,0.27,6,0
198080,캐프,6,True,True,8.6,1.64,True,47.82,53.74,True,21535.0,21535.0,True,6.35,2.5,True,1.42,1.17,6,0
356890,싸이버원,6,True,True,22.2,5.39,True,12.97,13.26,True,11916.0,11916.0,True,23.59,5.26,True,0.85,0.56,6,0
113810,디젠스,6,True,True,7.54,4.94,True,62.81,70.84,True,32628.0,32628.0,True,6.15,4.31,True,1.5,1.42,6,0
381970,케이카,6,True,True,8.38,5.13,True,56.99,57.61,True,48182.0,48182.0,True,2.96,2.88,True,4.39,3.7,6,0
136490,선진,6,True,True,11.44,0.52,True,63.92,64.78,True,23780.0,23780.0,True,9.42,7.38,True,1.41,1.34,6,0
259630,엠플러스,6,True,True,6.84,3.76,True,65.65,71.11,True,12282.0,12282.0,True,13.63,7.85,True,0.56,0.44,6,0
103230,에스앤더블류,6,True,True,6.73,5.24,True,30.15,31.89,True,7200.0,7200.0,True,7.43,7.34,True,0.66,0.65,6,0
114810,한솔아이원스,6,True,True,13.46,13.41,True,16.54,21.43,True,29113.0,29352.0,True,21.03,14.7,True,0.75,0.68,6,0
332290,누보,6,True,True,3.81,-7.22,True,66.84,72.08,True,33385.0,33385.0,True,3.74,-2.8,True,1.26,0.99,6,0
204610,티쓰리,6,True,True,10.28,-0.73,True,15.25,17.18,True,63922.0,67290.0,True,17.71,14.9,True,0.48,0.41,6,0
114090,GKL,6,True,True,9.18,5.37,True,30.56,32.9,True,61856.0,61856.0,True,15.8,9.66,True,0.68,0.64,6,0
353810,이지바이오,6,True,True,7.7,5.53,True,70.6,75.33,True,34192.0,34192.0,True,8.8,8.43,True,1.47,1.07,6,0
101490,에스앤에스텍,6,True,True,12.9,10.2,True,16.86,16.9,True,21451.0,21451.0,True,19.98,16.76,True,0.72,0.59,6,0
258610,케일럼,6,True,True,6.34,-61.67,True,48.16,71.36,True,26787.0,26787.0,True,3.29,-5.21,True,1.12,0.95,6,0
109070,주성코퍼레이션,6,True,True,12.57,-4.11,True,26.78,34.9,True,52810.0,52810.0,True,5.52,-5.44,True,1.88,0.7,6,0
357580,아모센스,6,True,True,1.37,-1.26,True,66.56,67.18,True,11220.0,11220.0,True,5.37,0.91,True,1.08,0.79,6,0
104460,디와이피엔에프,6,True,True,5.67,1.96,True,60.04,61.55,True,10714.0,10714.0,True,8.75,5.76,True,0.88,0.49,6,0
446540,메가터치,6,True,True,7.68,-0.15,True,15.21,24.89,True,20771.0,20771.0,True,7.55,-0.6,True,0.81,0.75,6,0
102710,이엔에프테크놀로지,6,True,True,7.91,4.1,True,38.25,44.53,True,14288.0,14288.0,True,13.55,10.18,True,0.91,0.8,6,0
339770,교촌에프앤비,6,True,True,7.07,0.23,True,46.18,47.91,True,49965.0,49965.0,True,8.28,3.2,True,1.41,1.4,6,0
123860,아나패스,6,True,True,16.07,2.41,True,38.18,51.92,True,12123.0,12123.0,True,10.98,6.29,True,1.55,0.64,6,0
254120,자비스,6,True,True,3.05,-8.7,True,26.72,40.22,True,30754.0,30754.0,True,3.19,2.79,True,0.96,0.62,6,0
234690,녹십자웰빙,6,True,True,8.79,4.53,True,35.05,35.89,True,17752.0,17752.0,True,12.26,9.72,True,1.03,0.85,6,0
101140,인바이오젠,6,True,True,9.9,7.76,True,1.78,1.78,True,10044.0,10044.0,True,-87.14,-100.0,True,0.04,0.04,6,0
139480,이마트,6,True,True,0.5,-1.69,True,60.84,61.14,True,27876.0,27876.0,True,1.57,0.16,True,0.86,0.86,6,0
347000,센코,6,True,True,3.73,-1.72,True,36.57,39.66,True,33005.0,33005.0,True,7.52,6.47,True,0.54,0.49,6,0
302550,리메드,6,True,True,12.52,0.54,True,31.81,44.1,True,30638.0,30638.0,True,4.3,-15.68,True,0.43,0.34,6,0
195940,HK이노엔,6,True,True,3.26,2.55,True,33.77,34.86,True,28330.0,28330.0,True,9.83,7.95,True,0.47,0.45,6,0
131180,딜리,6,True,True,6.7,1.05,True,11.87,13.1,True,29350.0,29350.0,True,6.02,-3.5,True,0.53,0.39,6,0
107590,미원홀딩스,6,True,True,5.91,3.64,True,39.79,42.27,True,2320.0,2320.0,True,4.83,3.52,True,0.96,0.95,6,0
168360,펨트론,6,True,True,2.93,-2.65,True,60.4,60.81,True,21288.0,21288.0,True,3.99,-6.32,True,0.94,0.79,6,0
322000,HD현대에너지솔루션,6,True,True,6.33,0.02,True,18.16,18.53,True,11200.0,11200.0,True,7.49,0.83,True,1.01,0.93,6,0
119850,지엔씨에너지,6,True,True,16.78,14.67,True,31.27,39.14,True,16449.0,16449.0,True,20.93,14.01,True,0.92,0.85,6,0
214420,토니모리,6,True,True,7.87,1.48,True,44.54,50.0,True,24055.0,24055.0,True,6.84,6.35,True,0.84,0.75,6,0
109080,옵티시스,6,True,True,7.81,3.96,True,7.48,9.64,True,5636.0,5636.0,True,11.34,3.64,True,0.4,0.38,6,0
298040,효성중공업,6,True,True,6.44,3.58,True,64.24,66.95,True,9325.0,9325.0,True,10.54,7.41,True,0.83,0.79,6,0
180060,탑선,6,True,True,2.14,-2.93,True,75.62,78.27,True,9348.0,9348.0,True,4.55,1.56,True,0.32,0.26,6,0
136410,아셈스,6,True,True,9.46,6.05,True,37.45,39.19,True,11019.0,11019.0,True,21.53,16.08,True,0.66,0.57,6,0
417790,트루엔,6,True,True,13.65,11.52,True,6.07,6.28,True,11000.0,11000.0,True,28.92,24.15,True,0.51,0.49,6,0
229640,LS에코에너지,6,True,True,9.49,7.22,True,55.45,59.69,True,30625.0,30625.0,True,6.96,5.16,True,1.82,1.78,6,0
296520,가이아코퍼레이션,6,True,True,5.06,-17.33,True,56.33,60.0,True,4667.0,4667.0,True,4.15,-7.3,True,2.44,2.1,6,0
297090,씨에스베어링,6,True,True,5.8,1.69,True,35.03,36.62,True,27270.0,27270.0,True,9.22,1.99,True,0.84,0.71,6,0
131760,파인텍,6,True,True,3.38,-10.95,True,54.62,56.47,True,43432.0,43432.0,True,2.68,-9.38,True,0.89,0.64,6,0
115570,스타플렉스,6,True,True,4.88,-15.82,True,31.02,31.97,True,7985.0,7985.0,True,-0.25,-4.81,True,0.83,0.76,6,0
327260,RF머트리얼즈,6,True,True,4.17,-6.7,True,33.45,38.5,True,8433.0,8433.0,True,8.09,-3.37,True,0.53,0.39,6,0
303030,지니틱스,6,True,True,2.54,-20.7,True,38.77,43.16,True,35746.0,35746.0,True,0.55,-18.13,True,1.96,1.16,6,0
472850,폰드그룹,6,True,True,6.43,0.06,True,43.77,44.73,True,32344.0,32344.0,True,11.85,11.2,True,1.24,1.09,6,0
170920,엘티씨,5,True,True,4.42,-9.61,True,42.49,63.53,False,9806.0,9412.0,True,8.74,-14.11,True,0.85,0.38,5,0
278470,에이피알,5,True,True,32.29,19.04,True,38.26,42.75,False,38126.0,36377.0,True,23.04,16.98,True,1.7,1.28,5,0
267260,HD현대일렉트릭,5,True,True,14.7,13.13,True,58.02,60.28,True,36047.0,36047.0,True,23.33,20.14,False,0.86,0.88,5,0
121060,유니포인트,5,True,True,1.03,-7.59,False,77.59,71.43,True,5982.0,5982.0,True,0.37,-3.39,True,1.87,1.84,5,0
171090,선익시스템,5,True,True,12.29,-9.28,True,78.58,84.68,False,9494.0,9377.0,True,15.8,7.0,True,0.68,0.37,5,0
233250,메디안디노스틱,5,True,True,5.29,-6.45,True,10.13,11.98,True,1747.0,1747.0,True,3.28,-10.92,False,0.54,0.55,5,0
122640,예스티,5,True,True,5.48,-13.69,True,38.45,63.07,False,20930.0,19044.0,True,11.29,-0.5,True,0.49,0.38,5,0
123410,코리아에프티,5,True,True,8.54,7.59,True,49.13,52.75,True,27841.0,27841.0,True,6.23,5.1,False,1.53,1.58,5,0
161890,한국콜마,5,True,True,4.43,4.01,True,51.37,51.84,False,23605.0,22881.0,True,9.25,7.91,True,0.82,0.78,5,0
339950,아이비김영,5,True,True,12.46,8.36,True,46.37,47.57,True,44947.0,44947.0,True,15.41,9.4,False,1.09,1.18,5,0
240810,원익IPS,5,True,True,5.53,1.84,False,24.14,21.06,True,49084.0,49084.0,True,9.63,1.42,True,0.74,0.67,5,0
196700,웹스,5,True,True,1.69,1.48,True,47.53,49.48,True,14364.0,14364.0,True,9.09,7.18,False,0.48,0.54,5,0
123420,위메이드플레이,5,True,True,6.06,1.1,True,36.84,41.73,True,11470.0,11470.0,True,0.91,-0.33,False,0.3,0.31,5,0
208860,엔지스테크널러지,5,True,True,5.41,-19.42,True,11.68,73.14,False,30529.0,11444.0,True,16.07,-61.22,True,0.19,0.16,5,0
227840,현대코퍼레이션홀딩스,5,True,True,11.25,8.37,True,19.06,21.13,True,9101.0,9101.0,False,9.04,9.93,True,0.57,0.55,5,0
215200,메가스터디교육,5,True,True,10.61,5.72,True,42.12,46.86,True,11462.0,11694.0,True,14.3,13.12,False,0.94,1.07,5,0
185190,수프로,5,True,True,3.67,-5.83,False,53.21,52.43,True,9239.0,9239.0,True,1.44,-3.05,True,2.55,2.54,5,0
260970,에스앤디,5,True,True,18.28,11.22,False,26.88,16.49,True,2893.0,4059.0,True,17.31,14.61,True,1.25,0.83,5,0
950210,프레스티지바이오파마,5,True,True,0.56,-7.74,False,31.82,27.57,True,60096.0,60096.0,True,-471.33,-8971.43,True,0.02,0.0,5,0
356860,티엘비,5,True,True,8.01,1.91,False,42.15,40.5,True,9833.0,9833.0,True,9.86,1.89,True,1.14,0.96,5,0
208890,미래엔에듀파트너,5,True,True,8.7,-2.53,True,57.61,60.76,True,4006.0,4006.0,True,4.17,1.51,False,2.09,2.52,5,0
332370,아이디피,5,True,True,16.84,10.53,False,8.35,4.56,True,13274.0,13274.0,True,23.87,15.11,True,0.68,0.64,5,0
289010,아이스크림에듀,5,False,True,-8.02,-25.57,True,49.94,51.47,True,12864.0,12864.0,True,-1.77,-14.2,True,1.39,1.28,5,0
281820,케이씨텍,5,True,True,9.6,6.34,False,12.26,9.46,True,20862.0,20862.0,True,12.92,11.4,True,0.7,0.57,5,0
306620,네온테크,5,True,True,0.21,-2.07,True,58.32,66.46,False,43089.0,41714.0,True,3.44,2.53,True,0.73,0.53,5,0
100840,SNT에너지,5,True,True,9.08,6.7,False,42.86,40.71,True,20681.0,20681.0,True,15.24,7.54,True,0.84,0.57,5,0
451800,한화리츠,5,True,True,0.69,0.18,True,54.4,79.27,False,179600.0,72160.0,True,61.19,57.01,True,0.03,0.02,5,0
110020,전진바이오팜,5,True,True,22.75,-36.16,True,6.35,64.97,False,9059.0,7484.0,True,6.22,-7.64,True,1.02,0.89,5,0
208850,이비테크,5,True,True,10.49,6.0,False,22.84,8.67,True,2820.0,2820.0,True,14.02,9.88,True,0.66,0.54,5,0
402340,SK스퀘어,5,True,True,22.0,16.65,True,8.65,10.65,True,134750.0,138981.0,True,158.43,63.74,False,0.15,0.28,5,0
149010,아이케이세미콘,5,True,True,12.43,11.61,True,17.16,18.71,True,3120.0,3120.0,False,11.17,12.74,True,1.06,1.01,5,0
215380,우정바이오,5,True,True,0.21,-5.19,True,68.95,77.72,False,16830.0,12958.0,True,4.17,-11.66,True,0.46,0.39,5,0
112610,씨에스윈드,5,True,True,5.99,3.98,True,63.44,66.75,True,42171.0,42171.0,True,10.9,8.32,False,0.8,0.85,5,0
460850,동국씨엠,5,True,True,3.48,0.59,False,44.67,43.79,True,29899.0,29899.0,True,3.57,2.11,True,1.18,0.74,5,0
368770,파이버프로,5,True,True,14.43,7.13,False,22.65,21.38,True,32854.0,32854.0,True,21.88,13.4,True,0.66,0.48,5,0
101530,해태제과식품,5,True,True,4.54,3.17,True,58.35,60.83,True,29117.0,29117.0,True,7.8,7.31,False,0.9,0.91,5,0
222110,팬젠,5,True,True,2.95,-21.74,True,18.36,39.61,False,12898.0,10678.0,True,6.8,-57.53,True,0.48,0.35,5,0
217500,러셀,5,True,True,5.41,2.01,True,23.45,24.8,True,31812.0,31812.0,True,5.33,4.25,False,0.48,0.6,5,0
192650,드림텍,5,True,True,2.46,1.4,True,43.24,43.28,False,68890.0,68723.0,True,3.63,2.01,True,1.48,1.29,5,0
453340,현대그린푸드,5,True,True,8.48,7.8,True,28.99,29.87,True,33881.0,33881.0,True,4.62,4.26,False,2.31,2.38,5,0
214180,헥토이노베이션,5,True,True,5.96,5.03,False,52.64,52.35,True,13125.0,13257.0,True,15.33,15.31,True,0.48,0.46,5,0
101330,모베이스,5,True,True,3.36,2.0,True,58.66,60.22,True,23147.0,23147.0,True,4.09,3.19,False,1.19,1.24,5,0
413640,비아이매트릭스,5,True,True,7.6,-4.34,False,36.96,33.98,True,7207.0,7207.0,True,6.47,-10.42,True,0.63,0.62,5,0
456040,OCI,5,True,True,3.93,2.62,True,45.62,50.59,False,8953.0,7437.0,True,4.99,4.46,True,0.97,0.65,5,0
210980,SK디앤디,5,True,True,3.02,3.02,True,57.96,61.02,True,18617.0,22190.0,True,16.05,6.17,False,0.32,0.6,5,0
186230,그린플러스,5,True,True,0.3,-15.74,False,54.34,52.57,True,10820.0,10820.0,True,2.85,-13.92,True,0.86,0.61,5,0
133750,메가엠디,5,True,True,4.35,-3.78,True,24.71,26.56,True,23407.0,23407.0,True,6.03,-10.83,False,0.42,0.43,5,0
419540,비스토스,5,True,True,3.74,3.72,True,9.35,13.95,True,22993.0,22993.0,True,1.48,1.41,False,0.95,0.99,5,0
443250,레뷰코퍼레이션,5,True,True,9.1,7.8,True,39.89,43.85,False,11110.0,11105.0,True,16.75,15.34,True,0.66,0.58,5,0
446070,유니드비티플러스,5,True,True,2.72,0.41,False,17.28,12.73,True,10611.0,10611.0,True,1.59,-2.43,True,0.83,0.77,5,0
174880,장원테크,5,True,True,5.37,-2.66,False,17.49,16.71,True,4381.0,4381.0,True,7.36,-4.91,True,0.85,0.72,5,0
111770,영원무역,5,True,False,5.44,5.46,True,27.09,27.72,True,44311.0,44311.0,True,10.12,8.97,True,0.68,0.65,5,0
383800,LX홀딩스,5,True,True,9.26,8.41,False,2.02,1.87,True,76281.0,76281.0,True,81.42,80.21,True,0.12,0.1,5,0
434190,탈로스,5,True,True,3.08,-1.55,False,30.4,22.68,True,7369.0,7369.0,True,5.65,-3.96,True,0.55,0.52,5,0
363280,티와이홀딩스,5,False,True,-6.56,-25.54,True,44.25,57.97,True,50429.0,50429.0,True,-101.89,-422.36,True,0.04,0.04,5,0
114450,그린생명과학,5,True,True,3.56,-37.44,False,20.44,18.04,True,20000.0,20000.0,True,1.61,-20.54,True,0.55,0.51,5,0
330590,롯데리츠,5,True,True,0.63,0.4,False,55.83,55.43,True,288969.0,288969.0,True,64.57,64.02,True,0.03,0.03,5,0
189860,서전기전,5,True,True,1.74,-6.78,False,50.47,44.32,True,9699.0,9699.0,True,0.95,-8.08,True,1.0,0.79,5,0
326030,SK바이오팜,5,True,False,12.12,21.89,True,39.61,44.64,True,78313.0,78313.0,True,24.95,17.59,True,0.58,0.53,5,0
204620,글로벌텍스프리,5,True,True,3.61,-4.79,True,26.48,34.93,False,70283.0,64454.0,True,16.81,12.0,True,0.74,0.49,5,0
298830,슈어소프트테크,5,True,True,6.22,3.67,True,34.67,39.34,True,52619.0,52619.0,False,8.9,18.17,True,0.55,0.4,5,0
224760,엔에스컴퍼니,5,True,True,4.34,-9.25,False,46.56,41.71,True,3940.0,3940.0,True,0.7,-20.0,True,1.07,0.79,5,0
425420,티에프이,5,True,True,9.67,1.18,False,38.95,38.12,True,11381.0,11381.0,True,16.71,5.98,True,0.7,0.58,5,0
123690,한국화장품,5,True,True,8.29,7.2,True,47.5,47.94,True,16068.0,16068.0,True,3.99,3.94,False,1.6,1.62,5,0
311390,네오크레마,5,True,True,3.58,0.5,True,19.6,19.8,False,12654.0,8057.0,True,11.46,-1.74,True,0.48,0.23,5,0
175250,아이큐어,5,False,True,0.0,-19.45,True,54.33,64.12,True,37558.0,37558.0,True,-24.86,-39.96,True,0.52,0.34,5,0
336570,원텍,5,True,True,20.8,16.36,True,24.6,28.72,False,89341.0,88174.0,True,39.69,30.18,True,0.71,0.65,5,0
265560,영화테크,5,True,True,13.07,7.06,False,30.53,27.55,True,10690.0,10690.0,True,16.24,7.7,True,0.89,0.75,5,0
141000,비아트론,5,True,True,6.57,0.91,False,12.69,11.63,True,12115.0,12115.0,True,11.72,-6.07,True,0.28,0.15,5,0
296640,이노룰스,5,True,True,6.6,0.0,False,30.21,12.21,True,5178.0,5178.0,True,10.13,-7.74,True,0.5,0.45,5,0
178780,일월지엠엘,5,True,True,16.23,-17.23,True,27.49,65.01,False,17349.0,13964.0,True,10.33,-1.4,True,0.98,0.75,5,0
352940,인바이오,5,True,True,0.88,-9.5,False,38.94,38.61,True,10868.0,10868.0,True,3.92,-10.0,True,0.53,0.51,5,0
270210,에스알바이오텍,5,True,True,25.0,-37.5,True,65.62,132.5,False,1655.0,1243.0,True,6.8,-15.85,True,4.59,2.05,5,0
211270,AP위성,5,True,True,7.69,7.26,True,22.12,34.23,True,15082.0,15082.0,False,12.46,20.45,True,0.43,0.34,5,0
123700,SJM,5,True,True,7.23,6.76,True,20.27,20.95,True,15605.0,15605.0,True,7.03,6.64,False,0.71,0.79,5,0
417970,모델솔루션,5,True,True,5.86,2.94,True,26.11,27.73,True,6397.0,6397.0,True,6.18,3.4,False,0.75,0.76,5,0
375500,DL이앤씨,5,True,True,2.49,2.36,True,47.73,50.11,True,38694.0,38694.0,True,5.83,3.26,False,0.78,0.86,5,0
222420,쎄노텍,5,False,True,-2.86,-5.56,True,60.48,61.69,True,45460.0,45460.0,True,3.17,-3.54,True,0.36,0.32,5,0
448780,마이크로엔엑스,5,True,True,2.08,0.4,True,53.33,59.52,True,2678.0,2678.0,False,5.95,7.14,True,0.35,0.33,5,0
311320,지오엘리먼트,5,True,True,4.42,4.14,False,19.97,5.26,True,12615.0,12615.0,True,11.83,4.49,True,0.64,0.33,5,0
200580,메디쎄이,5,True,True,6.19,5.96,True,15.1,20.84,True,3726.0,3726.0,True,12.55,8.27,False,0.63,0.66,5,0
226400,오스테오닉,5,True,True,6.43,6.34,False,38.22,34.04,True,20662.0,20662.0,True,23.19,20.18,True,0.43,0.38,5,0
108380,대양전기공업,5,True,True,6.52,6.35,False,21.04,20.51,True,9567.0,9567.0,True,10.29,8.0,True,0.69,0.64,5,0
277810,레인보우로보틱스,5,True,True,1.5,-0.6,False,5.08,1.51,True,19400.0,19400.0,True,-15.54,-291.5,True,0.14,0.12,5,0
180640,한진칼,5,True,True,12.17,10.26,True,21.25,24.6,True,66762.0,66762.0,True,16.84,15.52,False,0.07,0.07,5,0
267270,HD현대건설기계,5,True,True,2.77,2.59,True,45.08,46.04,True,18306.0,19701.0,False,4.98,5.54,True,1.08,1.03,5,0
146060,율촌,5,True,True,2.77,-19.63,True,46.74,49.67,False,24016.0,21624.0,True,6.65,5.65,True,0.83,0.8,5,0
200670,휴메딕스,5,True,True,15.73,11.27,True,8.49,9.95,True,11230.0,11230.0,True,26.62,24.49,False,0.65,0.69,5,0
128940,한미약품,5,True,True,8.01,6.95,True,35.51,38.6,True,12811.0,12811.0,True,15.59,14.46,False,0.71,0.74,5,0
103590,일진전기,5,True,True,6.64,3.7,True,59.87,59.94,False,47685.0,38971.0,True,7.22,5.05,True,1.36,1.26,5,0
298380,에이비엘바이오,5,True,True,4.63,-23.92,True,24.13,27.89,False,48282.0,47893.0,True,9.95,-177.84,True,0.46,0.14,5,0
244920,에이플러스에셋,5,True,False,2.11,3.14,True,49.13,49.16,True,22608.0,22608.0,True,6.13,3.59,True,1.08,0.94,5,0
372170,윤성에프앤씨,5,True,True,12.33,7.08,True,34.43,53.4,True,7979.0,7979.0,True,11.76,8.47,False,0.9,0.9,5,0
254490,미래반도체,5,True,True,4.5,3.42,True,35.56,46.28,True,14438.0,14438.0,False,2.09,2.47,True,3.66,2.55,5,0
218410,RFHIC,5,True,True,5.23,4.08,False,26.21,25.89,True,26484.0,26484.0,True,16.38,1.31,True,0.33,0.24,5,0
338100,NH프라임리츠,5,True,True,9.64,6.31,True,0.27,1.78,True,18660.0,18660.0,True,95.5,47.95,False,0.1,0.13,5,0
900140,엘브이엠씨홀딩스,5,True,True,0.57,-6.35,False,36.25,35.84,True,171588.0,171588.0,True,4.23,2.84,True,0.4,0.4,5,0
228670,레이,5,True,True,1.0,-31.0,True,63.32,63.57,False,15513.0,15284.0,True,2.01,-55.51,True,0.54,0.39,5,0
130500,GH신소재,5,True,True,3.23,1.5,True,48.75,50.92,True,14545.0,14545.0,True,9.2,5.43,False,0.44,0.46,5,0
331920,셀레믹스,5,True,True,41.84,-21.55,True,7.48,12.15,True,8164.0,8164.0,True,-28.36,-87.88,False,0.23,0.36,5,0
300080,플리토,5,True,True,22.27,4.85,True,26.07,33.33,False,16505.0,15701.0,True,13.41,-1.97,True,1.24,1.23,5,0
149950,아바텍,5,True,True,5.75,3.2,False,6.14,5.19,True,15608.0,15608.0,True,6.86,2.9,True,0.55,0.5,5,0
397030,에이프릴바이오,5,True,True,20.08,-17.69,True,8.63,27.6,False,22436.0,21574.0,True,61.45,-6700.0,True,0.28,0.0,5,0
377740,바이오노트,5,True,True,3.26,-1.29,False,3.62,2.28,True,102056.0,102056.0,True,11.87,-52.16,True,0.06,0.06,5,0
126880,제이엔케이글로벌,5,True,True,24.3,1.3,True,43.26,61.02,True,23205.0,23205.0,True,2.6,2.46,False,0.37,0.57,5,0
158430,아톤,5,True,True,7.92,7.03,True,35.28,42.62,False,23274.0,22577.0,True,22.02,20.73,True,0.47,0.38,5,0
208640,썸에이지,5,False,True,-27.49,-31.88,True,9.96,33.42,True,139240.0,139240.0,True,-72.86,-110.34,True,0.56,0.3,5,0
214450,파마리서치,5,True,True,17.23,10.39,True,30.21,33.46,False,10510.0,10320.0,True,40.6,36.02,True,0.53,0.41,5,0
199150,데이터스트림즈,5,True,True,3.64,-37.4,True,89.7,116.79,True,4269.0,4269.0,True,2.26,-19.22,False,1.61,1.95,5,0
361610,SK아이이테크놀로지,5,False,True,-2.66,-5.94,True,42.19,43.99,True,71298.0,71298.0,True,-69.76,-133.55,True,0.07,0.05,5,0
128540,에코캡,5,True,True,10.62,1.32,True,43.04,43.32,True,26690.0,26690.0,True,14.15,2.94,False,0.72,0.86,5,0
267250,HD현대,5,True,True,4.54,2.61,True,61.24,64.28,True,78993.0,78993.0,True,7.9,4.4,False,0.91,0.92,5,0
176750,듀켐바이오,5,True,True,20.15,12.27,True,24.65,34.05,False,28455.0,27025.0,True,31.6,14.33,True,0.69,0.55,5,0
267850,아시아나IDT,5,True,True,5.37,4.94,True,23.28,26.0,True,11100.0,11100.0,False,4.74,4.83,True,0.88,0.85,5,0
214430,아이쓰리시스템,5,True,True,10.22,9.6,True,28.0,31.55,True,7107.0,7107.0,True,12.26,10.04,False,0.82,0.93,5,0
215090,솔디펜스,5,True,True,22.87,-38.5,True,14.97,38.24,False,19930.0,16059.0,True,13.76,-14.72,True,0.45,0.44,5,0
134060,이퓨쳐,5,True,True,8.76,5.34,True,16.06,17.56,True,4769.0,4769.0,False,6.36,9.52,True,0.4,0.4,5,0
137310,에스디바이오센서,5,False,True,-2.52,-12.35,True,24.59,25.27,True,124477.0,124477.0,True,-7.79,-37.84,True,0.18,0.17,5,0
268280,미원에스씨,5,True,True,10.66,4.03,False,20.66,19.1,True,5000.0,5000.0,True,11.55,5.14,True,0.99,0.95,5,0
900110,이스트아시아홀딩스,5,True,True,1.51,1.07,True,5.5,6.2,False,21706.0,17277.0,True,10.93,9.12,True,0.22,0.21,5,0
303360,프로티아,5,True,True,8.6,1.99,True,6.09,6.37,False,12877.0,12875.0,True,14.29,2.44,True,0.38,0.33,5,0
170030,현대공업,5,True,True,5.78,5.71,True,31.57,37.3,True,15340.0,15340.0,False,3.33,5.01,True,1.46,1.34,5,0
290560,신시웨이,5,True,True,9.88,-0.0,True,11.07,17.03,False,3878.0,3632.0,True,20.34,14.29,True,0.47,0.46,5,0
473980,노머스,5,True,True,15.64,10.02,True,11.94,12.85,False,10792.0,9300.0,True,24.74,11.9,True,0.73,0.7,5,0
194700,노바렉스,5,True,True,9.7,8.22,False,25.3,23.93,True,18755.0,18755.0,True,10.19,7.79,True,1.17,1.03,5,0
403550,쏘카,5,True,True,0.04,-4.91,True,67.38,70.94,False,32837.0,32788.0,True,2.97,-2.27,True,0.88,0.68,5,0
130740,티피씨글로벌,5,False,True,-0.27,-5.45,True,17.11,32.62,True,11277.0,11277.0,True,-1.12,-3.52,True,0.71,0.68,5,0
110990,디아이티,5,True,True,12.0,6.23,True,11.62,12.13,True,18900.0,18900.0,True,20.65,8.03,False,0.48,0.51,5,0
